bac,brevet,lm,sup,prix,gf,pleiade,gouv
clair de lune,le dormeur éveillé,martin luther,lais,le bonheur fragile,la fin de cheri,jean paul sartre,journal d'un poète
"""le mendiant""",35 kilos d'espoir,germaine de stael holstein,l’adolescence clémentine,les bles,typhon,louis ferdinand celine,le songe d'une nuit d'été
sept poemes d'amour en guerre,un certain jeune homme,benjamin constant,le roman comique,les corrompus,le bossu,françois de la rochefoucauld,les trophées
l'or,poisson d'or,etienne pivert de senancour,la dispute / la fausse suivante / la double inconstance,assam,david copperfield,aristophane,thérèse raquin
le chien jaune,préface du catalogue marc chagall – recent paintings 1966-1968,françois rene de chateaubriand,le cousin pons,histoire d un fait divers,la curee,charles dickens,l'homme qui rit
les passants de lisbonne,l'evadé,alphonse de lamartine,mémoires d’une jeune fille rangée,les betises,la steppe,roger martin du gard,britannicus
a peste,madame bovary,alfred de vigny,le chevalier au lion,la porte retombee,les romanciers naturalistes,georges perec,la légende du juif errant
pas assez pour faire une femme,l'or,victor hugo,gargantua,le moissonneur d epines,le joueur d echecs,albert camus,nouvelles
midi,le chien jaune,alfred de musset,esther / athalie,peste et cholera,le desespere,jean calvin,le diable boiteux
les obseques de la lionne,la double vie d'anna song,theophile gautier,poésies,le sac du palais d ete,ursule mirouët,leon tolstoi,vie de molière
theatre de chambre l,les faux-monnayeurs,gerard de nerval,l’éducation sentimentale,le scandale,les faux monnayeurs,chretien de troyes,nana
sujet et forme de cet ecrit,les deux banquets ou la commémoration,marceline desbordes valmore,l’usage du monde,le petit prince cannibale,almanach d un comte des sables,vladimir nabokov,le misanthrope
la curee,graveurs d'enfance,sainte beuve,le livre du duc des vrais amants,le voyage en france,ceux de 14,ibn khaldûn,aventures du baron de münchhausen
lettre a madame denis,le spleen de paris,maurice de guerin,essais,castell,de la filouterie consideree comme science exacte,nietzsche,coquecigrues
kali decapitee,trois contes,felicite de lamennais,le tartuffe / le misanthrope,malika,les deux maîtresses,philippe roth,les soeurs vatard
"""les mendiants""",cyrano de bergerac,george sand,le neveu de rameau,paris au mois d aoet,apparition et autres contes d angoisseune histoire sans nom,somadeva,la tentation de saint antoine
la maison de ma mere,le dernier jour d'un condamné,honore de balzac,les contemplations,un roman franeais,le pont aux trois arches,nicolas gogol,variétés critiques
lettre a louis xiv,contes fantastiques,stendhal,les âmes fortes,la petite marchande de prose,la mise en scene,bertolt brecht,phèdre
la ronde des grenades,voyage à pitchipoï,prosper merimee,le roman de la rose ou de guillaume de dole,virginie despentes,du côte de chez swann,andre gide,fables de la fontaine
orphee-roi,lettre,augustin thierry,les amours,la mise en scene,le faiseur,robert louis stevenson,cyrano de bergerac
la-bas,l’été grec,alexis de tocqueville,pensées,campagne,à rebours,montesquieu,voyages de gulliver dans des contrées lointaines
le voyage d'automne,la boîte à bisous,jules michelet,le barbier de séville,l adoration,les bijoux indiscrets,jules valles,le père goriot
pour un oui ou pour un non (extrait),naissance d’un pont,fustel de coulanges,la fortune des rougon,creezy,beatrix,jacques prevert,à la recherche du temps perdu
l'avare qui a perdu son tresor ,le fils du pauvre,ernest renan,du mouvement et de l’immobilité de douve,le mas theotime,une fille d eve,brantôme,contes fantastiques
lambeaux,nous sommes éternels,hippolyte taine,le roman d’eneas,quelqu un,notre coeur,giacomo casanova,le château des carpathes
preface a la voiture embourbee,le roman d’un enfant,leconte de lisle,de la servitude volontaire ou contr’un,le monde tel qu il est,la religieuse,william faulkner,cinquante fables choisies de la fontaine
on ne badine pas avec l'amour,le champ de personne,theodore de banville,cinna,tout est passe si vite,monsieur de phocas,james joyce,de l'origine des espèces par sélection naturelle
"""l'echelonnement des haies"" (sagesseiii",la dernière neige,jose maria de heredia,la vie de marianne,une vie franeaise,le moine,oscar wilde,faust
le temps des cerises ,"amkoullel, l'enfant peul",sully prudhomme,le spleen de paris,le peuple de la mer,pierrette,jean jacques rousseau,en rade
la peau de l ours,l'unique rebelle,françois coppee,mémoires d’hadrien,l oeuvre au noir,les carnets de malte laurids brigge,benjamin constant,l'île au trésor
discours prononce aux obseques de guy de maupassant (7 juillet 1893).,printemps et autres saisons,charles baudelaire,couronnement de louis,de la part de la princesse morte,germinie lacerteux,jean anouilh,mes prisons
le chiffon,ils disent que je suis une beurette,gustave flaubert,didon se sacrifiant,force ennemie,ma vie   amelie et germaine   cecile,nicolas machiavel,le tour du monde en quatre-vingts jours
le conte du graal ou le roman de perceval,l’enfant rieur,edmond de goncourt,le page disgracié,la petite chartreuse,la renaissance,fiodor dostoievski,les amours jaunes
le conscrit des cent villages,celui qui dit les choses sans rien dire,jules de goncourt,lettres persanes,faux passeports,entretiens sur la pluralite des mondes,franz kafka,ondine
les voyageurs de l'imperiale,marius,emile zola,le rouge et le noir,le tiers des etoiles,au bonheur des dames,virgile,le purgatoire de dante
vie d'henry brulard,le premier homme,guy de maupassant,capitale de la douleur,le verger du diable,le bachelier,joseph conrad,contes de la bécasse
le roi s'amuse,la grammaire est une chanson douce,alphonse daudet,le roman de la rose,j etais medecin avec les chars,le neveu de rameau,julien green,méditations poétiques
a la recherche du temps perdu,le notaire du havre,paul verlaine,délie,la folle de lituanie,contes libertins,simone de beauvoir,la mare au diable
la prisonniere,le chineur de merveilles,arthur rimbaud,lettres de l’année 1671,farrago,l île au tresorles cavaliers   l assemblee des femmes,junichirô tanizaki,les 73 journées de la commune (du 18 mars au 29 mai 1971)
en attendant godot,une scène jouée dans la mémoire,stephane mallarme,les confessions,le mendiant de jerusalem,vingt ans apres,jules barbey d aurevilly,contes du lundi
la fable de pygmalion,le livre dont vous êtes la victime,jules laforgue,on ne badine pas avec l’amour / il ne faut jurer de rien / il faut qu’une porte soit ouverte ou fermée,la grande drive des esprits,la recompense d une mere,martin luther,claude gueux
les liaisons dangereuses,une enfance créole i,albert samain,les faux-monnayeurs,les flamboyants,ferragus   la fille aux yeux d or,cao xueqin,oliver twist
la promesse de l aube,le soleil des scorta,jean moreas,le roman de tristan,cabinet portrait,la maison aux sept pignons,bossuet,les epaves
terre a bonheur,nouveaux contes à ninon,eugene fromentin,quart livre,la verite sur leaffaire harry quebert,vies des douze cesars,georges simenon,dix contes d'edgar poe
avant-propos de l'histoire de ma fuite des plombs,les terres du bout du monde,joris karl huysmans,fables,la chambre des dames,les suspendues,polybe,germinie lacerteux
cecile ou l ecole des peres,histoires,alexandre dumas fils,mémoires,quand la mer se retire,la reprise,jules michelet,la sorcière
la religieuse,la petite chartreuse,henry becque,contes du jour et de la nuit,vie et mort de jean chalosse,balzac journaliste,françois villon,la peau de chagrin (édition de 1831)
regrets sur ma vieille robe de chambre,l'enfant multiple,maurice maeterlinck,derniers remords avant l'oubli / juste la fin du monde,batouala,hurlevent des monts,mario vargas llosa,cinq semaines en ballon
ollivier,petite brocante intime,anatole france,poésies,un cauchemar,la ballade des coquins,andre breton,le château des désertes ; isidora
georges dandin,le roman inachevé,pierre loti,essais,un pas vers la mer,observations faites dans les pyrenees pour servir de suite à des observations sur les alpes,stevenson,chroniques italiennes
la fabrication de l information,claude gueux,emile verhaeren,thébaïde,le solitaire,voyage au centre de la terre,henry de montherlant,théâtre classique : contenant le cid
falaises,chat en poche,maurice maeterlinck,les lettres de la marquise de… au comte de…,vendredi ou les limbes du pacifique,peines de coeur d une chatte anglaise,tacite,la défense et illustration de la langue française
de jean coste,mémoires d'une jeune fille rangée,henri de regnier,les gommes / la jalousie,le premier accroc coete deux cents francs,l enfant,jules verne,une vie
dictionnaire egoiste de litterature française,poèmes et chansons,francis jammes,erec et enide,le destin de iouri voronine,william shakespeare,sade,histoire d'une mère
une feuille de hetre,le roman de renart,paul fort,discours des misères de ce temps,de goupilmargot,un adolescent d autrefois,françois rene de chateaubriand,oeuvres complètes
la servante au grand coeur,théâtre intime,saint pol roux,les aventures de télémaque,le temps de la longue patience,mademoiselle fifi,louis aragon,sensations
lettre a frederic ii,le bal des voleur,anna de noailles,la surprise de l’amour /  la seconde surprise de l’amour / le jeu de l’amour et du hasard,les demoiselles de beaumoreau,le cure de tours,jacques de voragine,l'ile mystérieuse
apres la bataille,la formation de l'acteur,p  j  toulet,poésies / une saison en enfer,chagrin d ecole,la dame de pique   les nuits egyptiennes et autres nouvelles,boris vian,histoire de l'art
"""la salade""",l'apiculteur,jules romains,en attendant godot / oh les beaux jours,le corps du roi,vingt mille lieues sous les mers,marguerite yourcenar,mémoires d'un âne
les voiles,les petits bonheurs,blaise cendrars,le jeu de la feuillée,les deferlantes,le proces,emile zola,traduction de leconte de lisle
a louise colet,la place,guillaume apollinaire,nouvelles récréations et joyeux devis,gemmes et moires,boris godounov   theâtre complet,arthur rimbaud,le ventre de paris
le roman comique,l'amant,edmond rostand,œuvres poétiques,en france,la conquête de plassans,edgar allan poe,le paradis perdu
fonction du poete,dires étonnants des astrologues,hervieu,dictionnaire philosophique,l araigne,l affaire dreyfus,thomas de quincey,paul et virginie
lorenzaccio,un long dimanche de fiançailles,f  de curel,hernani,l homme de sable,ecrits sur l art,andre chenier,les chants de maldoror
le neveu de rameau,le voile noir,porto riche,sous le soleil de satan,le dernier des justes,nouvelles galantes du xviie siecle,blaise de monluc,les orientales
prose du transsiberien et de la petite jeanne de france,à plein tube !,tristan bernard,"le roman de renart (i, ia, ib)",la flamme au poing,le grand meaulnes,jules supervielle,critique de la raison pure
caracteres,marthe et jean,flers et caillavet,la deffence et illustration de la langue françoyse et l'olive,princesses de science,hugo journaliste,françois de malherbe,les aventures de tom sawyer
une vie,bleus sont les étés,courteline,"antigone, venceslas et le véritable saint-genest",la petite franeaise,contes de la becassel ingenuiliade,euripide,louis lambert
la nuit et les sources,que ma joie demeure,jarry,"salons (essais sur la peinture, salons de 1759, 1761, 1763)",l homme seur,le temps de l innocence,claude levi strauss,les démoniaques dans l'art
vendredi ou les limbes du pacifique,la chanson de hannah,begson,"poèmes saturniens, fêtes galantes, et romances sans paroles",moment d un couple,les diaboliques,emil cioran,un capitaine de quinze ans
ville-champignon,le jeune homme,jaures,un balcon en forêt et la presqu'île,au revoir le haut,la philosophie dans le boudoir,michel tournier,les rougon-macquart
air de solitude,désert,maurras,suite au roman de merlin (attribuée à robert de boron),tlacuilo,albertine disparue,paul morand,voyage au centre de la terre
la legende de l'homme a la cervelle d'or,propos,anatole france,l'adolescence clémentine,le rocher de tanios,fabliaux du moyen âge,dante,vapeurs : ni vers
l'ile des esclaves,l'enfant de noé,paul bourget,"l'amour médecin, monsieur de pourceaugnac et le malade imaginaire",mort en fraude,de la litterature,ernst jünger,les contemplations
le livre ouvert,ellis island,romain rolland,cleveland,la derniere conference,mademoiselle de maupin,pierre corneille,l'aiglon
lettre a paul demeny,une vie,maurice barres,itinéraire de paris à jérusalem,le veilleur de nuit,rêve de valse,antoine de saint exupery,correspondance et souvenirs intimes
les orientales,les noëls blancs,jules renard,"vents, chronique et chant pour un équinoxe",filles de pluie,barry lydon,jorge luis borges,les tribulations d'un chinois en chine
le jeu de l'amour et du hasard,l'auberge du larzac,edouard estaunie,œuvres complètes,les javanais,journaux,charles ferdinand ramuz,les trois mousquetaires
la connaissance du soir,dans la gueule du vent,alain fournier,l'heptaméron,nagasaki,le pere goriot,tallemant des reaux,essai sur la psychologie de la main
mont-oriol,la force de l’âge,valery larbaud,mémoires,eldorado 51,souvenirs d enfance et de jeunesse,saint augustin,gaspard de la nuit
fantome d'orient,histoires pressées,louis hemon,œuvres poétiques,un brillant avenir,l amour courtois,luigi pirandello,les dernières poésies de marguerite de navarre
"""en sortant de l'ecole""",les déferlantes,charles peguy,tête d'or (deuxième version),le cri du sablier,le livre du philosophe,guillaume apollinaire,contes du temps passé
san bernardino,cour nord,paul claudel,"le ravissement de lol v. stein, le vice-consul et india song",la chasse royale,tout alice,rainer maria rilke,les fleurs du mal
la danse des poignards,"à trop tendre l’oreille, on n’entend plus nos rêves",marcel proust,la queste del saint-graal,rue du havre,le diable au corps,jean cocteau,au soleil
le ravissement de lol v. stein(1964).,l'arbre de violence,andre gide,œuvres complètes,sangs,pensees,paul verlaine,les misérables
le fou d elsa,la vie devant soi,paul valery,états et empires de la lune,les emes grises,recits de la maison des morts,emmanuel kant,vingt mille lieues sous les mers
le petit poucet,les courtes,andre breton,"le barbier de séville, le mariage de figaro, la mère coupable",le sud,les souffrances du jeune werther,saint françois de sales,la confession d'un enfant du siècle
forets,la vie rêvée,robert desnos,de la démocratie en amérique,les bienveillantes,annales,mikhail boulgakov,racine et shakespeare
"""a une mendiante rousse""",les âmes grises,paul eluard,l'âge d'homme,le maetre des paons,la chartreuse de parme,maxime gorki,robur-le-conquérant
zapping,fantômas,louis aragon,la chanson de roland,capitaine conan,le journal d une femme de chambre,pierre choderlos de laclos,histoire de manon lescaut et du chevalier des grieux
inclus,a la recherche d'une odeur de grand-mère,jean cocteau,les tragiques,les noces barbares,les etats et empires du soleil,nicolas edme restif de la bretonne,nausikaa (odyssée)
gaspard de la nuit,arrêt sur image,max jacob,esther et athalie,l herbebruler,nouvelles romaines,alfred de musset,a rebours
les femmes savantes,l'assommoir,pierre reverdy,rousseau juge de jean-jacques,le chevrefeuille,une vieille maîtresse,marguerite duras,mauprat ; metella
le paysan parvenu,histoire de ma vie,jules supervielle,illusions perdues,notre dame des desempares,la marquise d o   ,stephane mallarme,les malheurs de sophie
la comedie de la mort,l’attaque du moulin,steve passeur,poésies 1946-1967 et à la lumière d'hiver,silbermann,salome,jane austen,la farce de maître pathelin
usage du temps,le cri de la mouette,marcel achard,le roman de thèbes,la foi de notre enfance,bartleby,nathalie sarraute,les dieux et les demi-dieux de la peinture
monseigneur le dauphin,cherchez la femme,charles vildrac,"essais, livre iii",le roi des aulnes,lettres et vies,johann wolfgang goethe,essais
le roman de monsieur de moliere,eloge de la lecture,paul geraldy,le carême du louvre,anielka,armance ou quelques scenes d un salon de paris en 1827contes d une grand merejulie ou la nouvelle heloïse,alain,contrat social ou principes de droit politique ; (précédé des trois) discours ; lettre à d'alembert sur les spectacles ; (et suivi de) considérations sur le gouvernement de pologne…
la lune et les sabots,une enfance créole ii – chemin d’école,jean jacques bernard,histoire de gil blas de santillane,le jour des fourmis,nouvelles,alfred jarry,contes du lundi (nouvelle édition)
le dernier jour d'un condamne,métaphysique des tubes,edouard bourdet,les fleurs du mal,des anges mineurs,le diable boiteux,paul eluard,mathias sandorf
aurelien,le crin de florence,jules romains,électre et la guerre de troie n'aura pas lieu,le complexe de di,le côte de guermantes,saint simon,bouvard et pécuchet
bruges-la-morte,mes légendes,marcel pagnol,le livre du voir dit,dans ces bras le,physiologie du mariage,wu cheng en,les derniers jours de pompéi
l etranger,coulée d'or,armand salacrou,odes,le voyage d edgar,les bords du rhin,mark twain,l'éducation sentimentale
les chatiments,le vent paraclet,jean giraudoux,l'illusion comique et le cid,le devoir de violence,cecile,henry fielding,la dame aux camélias
vingt mille lieues sous les mers,la quarantaine,roger martin du gard,"le spectateur français, l'indigent philosophe et le cabinet du philosophe",l etudiant etranger,trois contes,paul claudel,capitaine fracasse
emaux et camees,mémoires d’une jeune fille rangée,georges duhamel,la légende des siècles,les freres romance,le spleen de paris,raymond queneau,les enfants du capitaine grant
ode inacheveela boue (extrait),mémoires d’outre-tombe,raymond radiguet,les voyageurs de l'impériale,la mort du roi tsongor,lettres persanes,paul valery,de la terre à la lune
les derniers jours de l'arabie heureuse1,tamarii tahiti mémoires,jacques chardonne,merlin,jayne mansfield 1967,odyssee,anatole france,le lys dans la vallée
lettre a madame hanska,geneviève ou la confidence inachevée,marcel arland,les juives et hippolyte,les mandarins,la cloche d islande,madame de staël,l'ingénieux hidalgo don quichotte de la manche
le verre,le coq de bruyère,jacques de lacretelle,histoire comique de francion,le photographe,les deux visages,jules renard,le diable au corps
lettres a lou,la composition française,felix de chazournes,"entretien entre d'alembert et diderot, le rêve de d'alembert, suite de l'entretien, le fils naturel, entretiens sur le fils naturel",georgette garou,contes,jean de la fontaine,une saison en enfer
l'illusion comique,convention internationale des droits de l'enfant,françois mauriac,les complaintes,l air sur la quatrieme corde,les choephores   les eumenides,honore de balzac,la petite fadette
moliere,contes du jour et de la nuit,georges bernanos,sodome et gomorrhe,riche et legere,les infortunes de la vertude l amour,françois mauriac,poèmes
le savant et le fermier,l'année de l'éveil,marcel jouhandeau,histoire d'un voyage en terre de brésil,des choses idiotes et douces,illusions perdues,lewis carroll,salammbô
les vrilles de la vigne,les misérables,julien green,"le misanthrope, george dandin, le bourgeois gentilhomme",la chambre de la stella,mireille,cardinal de retz,atala ; rené ; le dernier des abencérages ; les quatre stuarts ; voyages
electre,métamorphoses,henry de montherlant,traité sur la tolérance,du domaine de murmures,micromegas   zadig   candide,alexandre dumas,le tartuffe
la genisse,un enfant sage,andre malraux,corinne ou l'italie,il faut beaucoup aimer les hommes,naïs micoulin et autres nouvelles,saint john perse,la nouvelle héloïse
le grand meaulnes,la chasse au bonheur,antoine de saint exupery,"stèles, équipée",le rivage des syrtes,journal d un cure de campagne,jean genet,les souffrances du jeune werther
lettres a un jeune poete,les pavés de la colère,henri barbusse,le conte du graal,limonov,memoires d outre tombe,georges bataille,poil de carotte
l'autre monde ou histoire comique des etats et empires de la lune et du soleil,les vrilles de la vigne,louis aragon,saül le furieux,l orphelin de mer    ou les memoires de monsieur non,correspondance,marcel proust,voyages de gulliver
"""l'ancienne gare de cahors""",pilote de guerre,louis ferdinand celine,maximes,les beaux quartiers,la faute de l abbe mouret,jean giraudoux,la chartreuse de parme
baudelaire par lui-meme (1952),no et moi,eugene dabit,les liaisons dangereuses,lignes de failles,le rêve,jean giono,les caprices de marianne
on purge bebe,la reine du silence,andre chamson,poésies,le souffle,le quart livre,rene char,émile
et mon ceur transparent,du renard et des raisins,georges simenon,"en attendant godot, fin de partie",memoires de porc epic,les âmes mortes,walter scott,la peau de chagrin (édition de 1839)
le rivage des syrtes,celui qui n'avait jamais vu la mer,maurice genevoix,vie de saint louis,l ordre,bruges la morte,rene descartes,le comte de monte-christo
lettre de voltaire au parlement de toulouse,le marcheur du pôle,charles ferdinand ramuz,les amours,naissance d un pont,histoires grotesques et serieuses,friedrich hölderlin,le poète assassiné
eloge de la folie,la cicatrice,jean giono,"cinna, rodogune, nicomède",le roi dort,cinq semaines en ballon,michel de montaigne,les caractères
orphee aux enfers,les philo-fables,henri bosco,les rêveries du promeneur solitaire,mes mauvaises pensees,contes et entretiens,julien gracq,
l ame de la ville,la chambre de la stella,jean de la varende,"les filles du feu, les chimères, aurélia",baisers de cinema,la legende des siecles,marcel ayme,
je n'ai pas oublie,tant que la terre durera,colette,la route des flandres,le jardin d acclimatation,les aventures de telemaque,eugene ionesco,
sphinx,l’enfant,andre maurois,le bel inconnu,la faculte des songes,jane eyre,virginia woolf,
madrigal,le déménagement,marcel ayme,l'adolescence clémentine,mervale,le cas etrange du dr jekyll et de m  hyde,george sand,
le temps,le voyage de monsieur perrichon,gustave lanson,les amours de psyché et de cupidon,amour nuptial,l espece particuliere et autres nouvelles,joseph arthur de gobineau,
l age d homme,le vin de solitude,julien benda,"la double inconstance, le jeu de l'amour et du hasard",la verite sur marie,volupte,blaise cendrars,
la valise,la femme gelée,charles du bos,la chartreuse de parme,en attendant le vote des betes sauvages,recits fantastiques,charles peguy,
les regrets,le deuxième sexe,alain,alcools,histoire de gotton connixloo,hiver caraïbe,octavio paz,
le mondain,la boue,gabriel marcel,"lais, éd. honoré champion",wanderweg,paul et virginie,henrik ibsen,
le pere goriot,balzac et la petite tailleuse chinoise,jacques prevert,"le tiers livre, éd. droz",les champs d honneur,sylvie,jean d ormesson,
tu as bien fait de partir,livret de famille,rene char,"bérénice, mithridate, britannicus, in théâtre complet, coll. folio",l amant,histoire de la litterature française,alphonse de lamartine,
seuls,l'enfant de sous le pont,henri michaux,"les égarements du cœur et de l'esprit, coll. gf-flammarion",le chasseur zero,boule de suif et 13 autres histoires de guerre,gustave flaubert,
l'oeillet,ce voyage,saint john perse,"poésies, coll. poésie/gallimard",laloi,don quichottepaulinecandideles liaisons dangereusesla petite fadettela maison tellier   une partie de campagne et autres contesalice au pays des merveilles   de l autre côte du miroir et de ce qu alice y trouvaune maison de poupee,aristote,
a mademoiselle de chantepie,l'homme qui m'aimait tout bas,joe bousquet,"la condition humaine, éd. gallimard, coll. folio",terrasserome,les lauriers sont coupes,moliere,
paix,la première gorgée de bière,pierre jean jouve,la mort le roi artu,l empreinte de dieu,la princesse de montpensier,charles baudelaire,
poesie la vie entiere,de l’angelus de l’aube à l’angelus du soir,pierre emmanuel,"les regrets, les antiquités de rome, éd. classiques garnier",gaston et gustave,sang,henry james,
la reine morte,le temps des secrets,patrice de la tour du pin,"les aventures de télémaque, éd. classiques garnier",une poignee de gens,lettres portugaises,françois rabelais,
preface de l'histoire de ma vie,aurélien,jean claude renard,dictionnaire philosophique,mademoiselle de bois dauphin,le feu,alfred de vigny,
les conquerants,un fantôme,jean anouilh,"les misérables, éd. gallimard, coll. folio",les voleurs de beaute,grains et issues,boris pasternak,
pull-over,fables,françois mauriac,"la reine morte, le cardinal d'espagne, éd. gallimard, coll. folio",le roman du malade,le lys dans la vallee,michel foucault,
les matinaux,les vraies richesses,jean paul sartre,aliscans,sarinagara,les trois mousquetaires,philippe jaccottet,
lettre de victor hugo a juliette drouet,un sac de billes,simone de beauvoir,la sepmaine,la nuit de mougins,souvenirs d egotisme,denis diderot,
emile ou de l'education,le k,albert camus,pensées,la vie est courte et le desir sans fin,iphigenie,andre malraux,
pensees,rêves amers,julien gracq,"le barbier de séville, le mariage de figaro et la mère coupable",camille,la debâcle,karl marx,
la confession d'un enfant du siecle,c’est bien,samuel beckett,le lys dans la vallée,la souille,la jeunesse du commandeur,carlo goldoni,
macbett,le comte de monte-cristo,robbe grillet,voyage au bout de la nuit,le club des incorrigibles optimistes,histoire d une grecque moderne,pierre carlet de chamblain de marivaux,
les nevroses,marseille,nathalie sarraute,la princesse de clèves,sombre dimanche,stello,anton tchekhov,
illuminations,le lys dans la vallée,michel butor,quatrevingt-treize,les amities particulieres,les fausses confidences,eugene fromentin,
vers a danser,les enfants terribles,,le roman inachevé,l innocent,la mort d ivan illitch,milan kundera,
vrai lieu,l'armée des ombres,,les onze,jan karski,zayde,pierre drieu la rochelle,
contree,la force de l'âge,,l’astrée,suite franeaise,les nourritures terrestres suivi de les nouvelles nourritures,jean de la bruyere,
la chartreuse de parme,l’arbre à pain,,partage de midi,l adieu au roi,les perses,albert cohen,
discours preliminaire,etrangers sur la terre,,vie secrète,les portes de gubbio,crainquebille,madame de sevigne,
le vin bourru,contes pour enfants pas sages,,les rêveries du promeneur solitaire,naissance,les caracteres  livres v x,emmanuel de las cases,
effroyables jardins,ce qu’il advint du sauvage blanc,,méditations poétiques,la statue voilee,amok,agrippa d aubigne,
les etats et empires du soleil,enfantines,,notre-dame de paris,natalia,la naissance du jour,federico garcía lorca,
le collier de griffes,les racines du ciel,,les années,coma,renee mauperin,prosper merimee,
sensation,des mots pour la vie : contes,,le misanthrope,le reste est silence,mes haines,georges bernanos,
la robe des choses,l’armée des ombres,,vie de henry brulard,le dernier amour d aramis ou les vrais memoires du chevalier rene d herblay,anna karenine,pierre augustin caron de beaumarchais,
pouvoir tout dire,le voyageur immobile,,à rebours,la conquete de jerusalem,histoires ou contes du temps passe,michel leiris,
un certain plume,germinal,,les tragiques,l atlantide,le dernier des mohicans,pline l ancien,
reparer les vivants,le capitaine fracasse,,bérénice,les fous de bassan,flaques de verre,platon,
discours de la servitude volontaire,chronique de la rue saint-ours,,les complaintes,stupeur et tremblements,histoires de fantômes,jack london,
berenice,cannibale,,aurélien,les orgues de l enfer,la confession d un enfant du siecle,sainte beuve,
le vieux saltimbanque,lullaby,,les etats et empires de la lune,oui l espoir,contes et nouvelles en vers,jonathan swift,
la belle au bois revant,bel-ami,,la religieuse,civilisation,fables,madame de la fayette,
lettre a josephine,la frontière,,fureur et mystère,tempo,le roman d alexandre,spinoza,
je ne suis qu'un cri,les femmes au bain,,le cid,fuir,la fille du capitaine,sören kierkegaard,
la vigne et la maison,le nez sur la vitre,,le paysan parvenu,l annee de l eveil,histoire romaine,valery larbaud,
rhinoceros,la guerre des boutons,,quatrevingt-treize,heloese,manuscrit trouve à saragosse,stendhal,
l'horizon chimerique,la maison déserte,,voyage au bout de la nuit,grand louis l innocent,le horla et autres contes d angoisse,victor hugo,
un sonnet avec la maniere de s'en servir,enfance,,essais,adios,l art de briller en societe et de se conduire dans toutes les circonstances de la vie,daniel defoe,
romances sans paroles,suite française,,fables,le champ de personne,l ingenu   la princesse de babylone,francis ponge,
les oiseaux de passage,terre des hommes,,les mots,ana non,philisophie,ivan tourgueniev,
sodome et gomorrhe,la belle adèle,,les regrets,mal d amour,les voyages de gulliver,claude simon,
le livre de ma mere,ouragan,,les confessions,jour de colere,sodome et gomorrhe i,auguste de villiers de l isle adam,
les mains sales,onitsha,,aurélia,tout  tout de suite,les aventures de huckleberry finn,plutarque,
oh ! les beaux jours,l'homme à l'envers,,cahier d’un retour au pays natal,la nuit du decret,amy foster   le compagnon secret,ernest hemingway,
le spleen de paris,des grives aux loups,,les hymnes de 1555 / le second livre des hymnes de 1556,supplementla vie de barbara loden,contes et nouvelles,stefan zweig,
conversation avec les hommes ,sous les vents de neptune,,dictionnaire philosophique,le soleil des scorta,la petite roque,colette,
les heures souterraines,,,bouvard et pécuchet,journal d un cure de campagne,l île des bienheureux   une sorciere   tschandala,fenelon,
blanche ou l'oubli,,,les tragiques,qui se souvient des hommes   ,histoire comique de francion,herman melville,
lettres persanes,,,cromwell,l art franeais de la guerre,le mahabharata,theophile gautier,
la nuit de mai,,,le faiseur,le maetre d heure,le jardin de berenice,jin ping mei,
bien juger. essai sur le rituel judiciaire (2010),,,dans la solitude des champs de coton,la saison de l ombre,crime et châtiment,jean racine,
reverie de nouvel an,,,le siècle de louis xiv,les combattants du petit bonheur,barbey d aurevilly journaliste,alphonse daudet,
le cornet a des,,,britannicus / andromaque,l organisation,lucien leuwen,henri michaux,
art,,,les liaisons dangereuses,cortiz s est revolte,mario et le magicien,nicolas boileau,
macbeth,,,la prisonnière,les braban,le roman experimental,homere,
les mots,,,dom juan,evasion 44,le rouge et le noirs,alexis de tocqueville,
illusions perdues,,,le paysan parvenu,les forets de la nuit,henri d ofterdingen,nicolas malebranche,
journal,,,méditations poétiques / nouvelles méditations poétiques,le feu de l etna,histoire de charles xii,francis scott fitzgerald,
antigone,,,les soleils des indépendances,nature morte devant la fenetre,gargantua,blaise pascal,
l'argent,,,l’heptaméron des nouvelles,le commandant watrin,theâtre de clara gazul   la famille de carvajal,pierre de ronsard,
jour de colere,,,lettres choisies,instruments des tenebres,contes fantastiques,buffon,
joies d'ete,,,un barrage contre le pacifique,selinonte ou la chambre imperiale,kâma sûtra,shakespeare,
ondine,,,poésies complètes,le roi de kahel,l ange à la fenêtre d occident,charles de gaulle,
le notaire du havre,,,phèdre,pluie et vent sur telumee miracle,artamene ou le grand cyrus,nerval,
la jalousie,,,la recherche de l’absolu,e oh    e,le dernier jour d un condamne,vâlmikî,
mise en scene dephedre,,,alcools,jobadao,la traversee des apparences,miguel de cervantes,
le soleil des scorta,,,le quart livre,un royaume sous la mer,la joie de vivre,rudyard kipling,
la lyre,,,les aventures de télémaque,pour moi seule,robinson crusoe,hans christian andersen,
le bonheur du jour,,,ailleurs,cecile de la folie,le tolle,voltaire,
correspondance,,,essais,le cap de la gitane,la ligne d ombre,paul louis courier,
"""le pain""",,,fables,les feux du pouvoir,conjuration de catilina   guerre de jugurtha   histoires,guy de maupassant,
le bourgeois gentilhomme,,,le mariage de figaro,trois femmes puissantes,claire lenoir,fernando pessoa,
oeuvres completes,,,le spleen de paris,la prison maritime,sapho,,
orphee et eurydice,,,la route des flandres,dara,mrs dalloway,,
dom juan ou le festin de pierre,,,pensées,la femme sans passe,le portrait de dorian gray,,
dormante,,,le neveu de rameau,la machine humaine,histoires naturelles,,
arthur rimbaud,,,la conquête de plassans,les poneys sauvages,voyage avec un âne dans les cevennes,,
pluie de cendres,,,les regrets,le testament d un poete juif assassine,la princesse de cleves,,
la legende des siecles,,,la princesse de clèves,univers  univers,mont oriol,,
le chef-d'oeuvre inconnu,,,discours sur l’origine et les fondements de l’inégalité parmi les hommes,la confession mexicaine,la main gauche,,
un balcon en foret,,,l’éducation sentimentale,le grand vizir de la nuit,rome sous le regard des historiens latins,,
les aventures de telemaque,,,les mains sales,la bataille de toulouse,la venus d ille et autres nouvelles,,
la chanson des canuts,,,la vie de marianne,les feux de la colere,andromaque,,
ournalrebours,,,les contemplations,les sept noms du peintre,adolphe,,
le pere prudent et equitable,,,tropismes,l oeil du silence,itineraire de paris à jerusalem,,
les fenetres,,,gargantua,l irresolu,de l universalite de la langue française,,
lettre a mademoiselle leroyer de chantepie,,,"ruines et paysages, salons de 1767",perdre la demeure,memoires,,
nuit rhenane,,,les chimères / la bohème galante / petits châteaux de bohême,l ombre portee,comment on paie ses dettes quand on a du genie,,
amours de cassandre,,,nedjma,la vie mode d emploi,le malade imaginaire,,
la machine infernale,,,les caractères,elise ou la vraie vie,l egoïste est celui qui ne pense pas à moi,,
main d'oeuvre,,,la mort de louis xiv,la voie royale,l eneide,,
le retour au desert,,,voyage au bout de la nuit,windows on the world,quo vadis  ,,
"""les chevaux du temps""",,,la place royale,station balneaire,genie du christianisme,,
si c'est un homme,,,l’esprit des lois,un singe en hiver,œdipe roi,,
lettre de napoleon a josephine,,,la chartreuse de parme,l amant de poche,le sopha,,
sonnet i,,,quelque chose noir,l appel du sol,voyage autour de ma chambre,,
histoire de mes idees,,,les regrets,la vie devant soi,la duchesse de langeais,,
lettre a un jeune poete,,,le page disgracié,maetena,le chevalier des touches,,
a l'ombre des jeunes filles en fleurs,,,la princesse de clèves,le bateau refuge,le colonel chabert,,
w ou le souvenir d'enfance,,,le lys dans la vallée,chevaux abandonnes sur le champ de bataille,la reine margot,,
allocution radiotelevisee,,,un amour de swann,le feu,bloy journaliste,,
hiroshima commemoration,,,le roman de tristan et iseut,les eaux melees  t ii les fils d avrom ,notre dame de paris,,
en sentinelle,,,roméo et juliette,le voyagenaucratis,un amour de swann,,
lettres a condorcet,,,les liaisons dangereuses,white spirit,joseph andrews,,
au coeur de la chine,,,odyssée (traduction de philippe jaccottet),le oe les tigres sont chez eux,le siecle de louis xiv,,
la maison du chat-qui-pelote,,,un barbare en asie,dingley  l illustre ecrivain,satyricon,,
les cariatides,,,tristes tropiques,saga,une annee dans le sahel,,
palimpsestes,,,le chef-d'œuvre inconnu,saint germain ou la negociation,l idiot,,
les quatrains valaisans,,,lettres à un jeune poète,a livre ouvert,les aventures de tom sawyer,,
phedre,,,à l'ombre des jeunes filles en fleurs,le bouchot,une certaine mulâtresse,,
commemoration de la liberation de paris,,,la fortune des rougon,la deuxieme mort de ramon mercader,therese raquin,,
le ravissement de lol v. stein,,,britannicus,l univers concentrationnaire,aventures prodigieuses de tartarin de tarascon,,
le feu,,,gorgias,le faussaire,histoire de ma vie,,
la belle au bois dormant,,,l'emploi du temps,la chineuse,ake  les annees d enfance,,
suzanne et le pacifique,,,les villes tentaculaires,les egares,le cure de village,,
chene et chien,,,dans la jungle des villes,le montage,epître aux romains   epître aux galates,,
le lys dans la vallee,,,les mots,leon morin  pretre,sous les yeux de l occident,,
le vicomte de bragelonne,,,les confessions,l epervier de maheux,sous le soleil de satan,,
l'immoraliste,,,mémoires d'hadrien,les betes le temps des morts,nouvelles histoires extraordinaires,,
pygmalion,,,médée,l adieula femme sauvage,les parisiens comme ils sont,,
les amours,,,frankenstein ou le prométhée moderne,janitzia ou la derniere qui aima d amour,la genese,,
les trois mousquetaires,,,w ou le souvenir d'enfance,neige sur un amour nippon,la fille elisa,,
cyrano de bergerac (acte v,,,noces,le quatrieme mur,faust i et ii,,
la critique de l'ecole des femmes,,,les grands chemins,ouest,l agneau,,
iphigenie,,,la pensée et le mouvant,deborah et les anges dissipes,perceval ou le conte du graal,,
les raisins de la colere,,,ménon,claude,trois hommes dans un bateau,,
l'avare,,,bouvard et pécuchet,la terrasse des bernardini,preface de cromwell,,
le temps deborde,,,la vie de galilée,la vallee sans printemps,bouvard et pecuchet,,
l adolescent soufflet,,,l'iliade,la rhubarbe,la peau de chagrin,,
chatiments,,,henri v,prodige du coeur,baudelaire journaliste,,
intermezzo,,,la chartreuse de parme,malaisie,jacques le fataliste et son maître,,
jamais je ne pourrai (extrait),,,éthique à nicomaque,l ecluse,le joueur,,
amphitryon 38,,,les faux-monnayeurs,lamarge,le vieux avec les bottes,,
lettre du voyant,,,en attendant godot,le bestiaire sentimental,oroonoko,,
cris,,,la paix,le livre brise,cesar birotteau,,
les fausses confidences,,,vers la paix perpétuelle,un paysage de cendres,nouvelles de petersbourg,,
discours sur l origine et les fondements de l inegalite parmi les hommes,,,quatrevingt-treize,un amour allemand,le coffret de santal   le collier de griffes,,
l'ecole des femmes,,,gorgias,zone,le creux de la vague,,
le lion,,,gargantua,jean christophe,ballades du beau hasard,,
un roi sans divertissement,,,dom juan,alabama song,le cinquiesme livre,,
adieu,,,fables,piege,resolutions pour l epoque où je deviendrai vieux et autres opuscules humoristiques,,
les yeux bleus de la montagne,,,traité des animaux,prends gardela douceur des choses,le comte de monte cristo,,
a propos d'horace,,,la métamorphose,l enfant leopard,les chouans,,
une femme,,,le chercheur d'or,a l ombre des jeunes filles en fleurs,le medecin de campagne,,
la naissance du jour,,,sur la vie heureuse et de la brièveté de la vie,l homme traque,les filles du feu   les chimeres,,
roberto zucco,,,oncle vania,le dener en ville,de la terre à la lune,,
le roi se meurt,,,don quichotte (i-xxxii),un silence d environ une demi heure,les affinites electives,,
au revoir le-haut,,,un amour de swann,la condition humaine,quatrevingt treize,,
dictionnaire philosophique,,,"de la recherche de la vérité - livre ii, parties ii et iii",la lumiere du nord,vie et opinions de tristram shandy,,
zone,,,mémoires d'outre-tombe (livre ix à xii),l affreux,eugenie grandet,,
choses vues,,,le 18 brumaire de louis bonaparte,le promontoire,salammbô,,
sonnet attribue au duc de nevers,,,horace,voyagel etranger,les miserables,,
deja !,,,"confessions, livre x",rue des boutiques obscures,poil de carotte,,
medee,,,lorenzaccio,syngue sabour  pierre de patience,monnaie de singe,,
essais,,,l'âge d'homme,mourir d enfance,le capitaine fracasse,,
le guetteur melancolique,,,l'argent,cine roman,germinal,,
"""la ville""",,,l'avare,les jeux sauvages,la petite sirene,,
retour au calme,,,"philosophie de l'argent (partie analytique, 3e chapitre, sections 1 et 2)",ginevre,lettres de mon moulin,,
l'araignee et l'ortie,,,profession de foi du vicaire savoyard (livre quatrième de émile ou de l'éducation),la verite sur l affaire harry quebert,là bas,,
la condition humaine,,,macbeth (traduction de pierre jean jouve),les carnets du bon dieu,lettre d une inconnue,,
sand,,,les âmes fortes,les elans du ceur,lettres à madame la marquise     sur le sujet de la princesse de cleves,,
la coccinelle,,,"les choéphores, les euménides",le pere,vies imaginaires,,
du cote de chez swann,,,pensées et trois discours sur la condition des grands,sonate au clair de lune,histoire de gil blas de santillane,,
a ernest chevalier,,,les raisins de la colère (traduction de marcel duhamel et maurice-edgar coindreau),le pianiste,splendeurs et miseres des courtisanes,,
zadig,,,phèdre,bonheur d occasion,hecate et ses chiens,,
le veritable saint genest,,,les fausses confidences,une promesse,la femme de trente ans,,
"""la ronde sous la cloche""",,,romances sans paroles,la fascination du pire,la dame aux camelias,,
madeleine ferat,,,mrs dalloway (traduction de marie-claire pasquier),la strategie des antilopes,la metamorphose,,
histoire d un voyage fait en la terre du bresil,,,sylvie,monsieur le consul,le temps retrouve,,
monsieur de pourceaugnac,,,essai sur les données immédiates de la conscience - ch. ii « de la multiplicité des états de conscience. l'idée de durée »,les hommes couleurs,bel ami,,
fables,,,les perses (traduction de danielle sonnier),ingrid caven,la nuit de walpurgis,,
les mouches,,,le feu,le harem,âmes masquees   la noce,,
l'affaire narcisse,,,de la guerre (traduction de nicolas waquet) - livre 1 « sur la nature de la guerre »,la joueuse de go,le misanthrope,,
allocution,,,la cousine bette,l enfer et cie,madame bovary,,
priere pour aller au paradis avec les anes,,,andromaque,naissance d une passion,cent manieres d être ridicule,,
la sieste,,,dissertation sur les passions (traduction de jean-pierre cléro),birmane,la tentation de saint antoine,,
sur la banqueroute,,,discours de la servitude volontaire,le silence et la joie,gatsby,,
une tenebreuse affaire,,,lettres persanes,amour noir,la veillee du matin,,
le premier homme (1994,,,une maison de poupée (traduction d'éloi recoing),le guetteur immobile,les paysans,,
la bete humaine,,,"l'aventure, l'ennui, le sérieux",quand le temps travaillait pour nous,lettres des jeux olympiques,,
les caprices de marianne,,,odyssée (traduction de philippe jaccottet),le dit de tianyi,le docteur pascal,,
le bal du comte deorgel,,,au cœur des ténèbres,la decharge,moby dick,,
les chaises,,,le banquet,les filles du calvaire,tarass boulba,,
la guerre des boutons,,,le songe d'une nuit d'été,une ville immortelle,l île des esclaves,,
epetre au roy,,,la chartreuse de parme,belle mere,chronique du regne de charles ix,,
ismene (traduction de dominique grandmont),,,,la carte et le territoire,voyages,,
le rouge et le noir,,,,anchise,madame chrysantheme,,
un fil a la patte,,,,drele de jeu,les habits neufs de l empereur,,
hommage a la vie e,,,,les vieillards de brighton,histoires fantastiques pragoises,,
pauline,,,,terre des hommes,gautier journaliste,,
la cantatrice chauve,,,,prix non decerne,l eternel mari,,
terre des hommes,,,,le manuscrit de port ebene,remi des rauches,,
la dame de carreau,,,,anne marie,claude gueux,,
emportez-moi,,,,l opoponax,don quichotte,,
propos sur le bonheur,,,,monsieur de lourdines,mardi,,
histoire du precedent ecrit,,,,e l autre bout de moi,la tour de nesle,,
notre-dame de paris,,,,sisters,la dame de monsoreau,,
horace,,,,une histoire franeaise,le diable amoureux,,
l'homme qui rit,,,,le nain jaune,le livre de la jungle,,
britannicus,,,,le pari,lettres edifiantes et curieuses de chine,,
mon reve familier,,,,trois jours chez ma mere,la ciociara,,
uranus,,,,le crabe tambour,vies paralleles,,
discours a la jeunesse,,,,la vallee heureuse,les elegies de duino   sonnets à orphee,,
orphee innombrable,,,,les pianos mecaniques,ecrits satiriquesmateo falcone et autres nouvelles,,
les faux-monnayeurs,,,,les hauteurs de la ville,benito cereno   la veranda   le marchand de paratonnerres,,
"""l'automne""",,,,le rire de caen,supplement au voyage de bougainville et autres textes,,
art poetique,,,,magnus,le rose et le vert   mina de vanghel,,
cantate du narcisse,,,,le naef locataire,vie de rance,,
il ne faut jurer de rien,,,,un long dimanche de fianeailles,les contemplations  livres iv v,,
les poetes,,,,le vitriol de lune et le martyre de l obese,vingt quatre heures de la vie d une femme,,
"""trains en ete""",,,,histoire,bubu de montparnasse,,
les trophees,,,,l enfant de boheme,charles demailly,,
les quatre vents de l'esprit,,,,le serviteur,le roman bourgeois,,
noces,,,,la maladie de sachs,delphine,,
la joie de vivre,,,,la porte du fond,contes à ninon,,
discours prononce aux funerailles de m. honore de balzac (29 aoet 1850).,,,,que font les rennes apres noel  ,don quichotte de la manche 3,,
robinson crusoe,,,,l ete finit sous les tilleuls,la terre,,
le dindon,,,,marilyn  dernieres seances,la bête humaine,,
physiologie de la toilette,,,,le depaysement  voyages en france,lettres,,
le petit port bleu,,,,valet de nuit,sararasine,,
le premier homme,,,,la maternelle,therese philosophe,,
les troyennes,,,,la maison des atlantes,le contrat de mariage,,
printemps 1990 ,,,,les cotonniers de bassalane,pierre et jean,,
"""le paysage dans le cadre des portieres""",,,,celeste,lorenzaccio   on ne badine pas avec l amour,,
harlem,,,,blanc,annette et le criminel,,
la comedie du langage,,,,un bien fou,racine et shakespeare,,
la longue marche. le vent des steppes,,,,gaspard,la fiancee et autres nouvelles,,
la cigarette (le sanglot de la terre,,,,couvre feux,histoires extraordinaires,,
l'instinct de ciel,,,,l amour les yeux fermes,mar morto,,
la princesse de cleves,,,,toutes les chances plus une,le ble en herbe,,
la ville noire,,,,le trajet,histoire amoureuse des gaules,,
histoire de ma vie(incipit),,,,la langue maternelle,l homme qui rit,,
photo de groupe au bord du fleuve,,,,le jardin des dieux,scenes de la vie de boheme,,
la nouvelle heloise,,,,la derniere innocence,l argent,,
le paysan perverti,,,,les eblouissements,princesse brambilla,,
andromaque,,,,week endzuydcoote,les soirees de medan,,
discours a l'assemblee,,,,passage de l homme,les jeunes france et autres recits humoristiques,,
academie medrano,,,,voyage au bout de la nuit,au coeur des tenebres,,
voyage au bout de la nuit,,,,belle du seigneur,blasons anatomiques du corps feminin et contreblasons,,
belle du seigneur,,,,nous sommes eternels,les amours de psyche et de cupidon,,
melusine ,,,,la demence du boxeur,les caracteres,,
le barbier de seville,,,,le sermon sur la chute de rome,un debut dans la vie,,
l'amant,,,,les croix de bois,pensees paresseuses d un paresseux,,
le sermon sur la chute de rome,,,,vol de nuit,pantagruel,,
george dandin,,,,claire,la pensee console de tout,,
"""le cageot""",,,,la bataille,orgueil et prejuges,,
le malade imaginaire,,,,les chasses de novembre,al andalus,,
l'ennemi,,,,les comptoirs du sud,à l ombre des jeunes filles en fleurs,,
traite sur la tolerance,,,,le cheval d herbeleau,les travailleurs de la mer,,
le prud'homme qui sauva son compere,,,,joue nous espana,zola journaliste,,
le reve,,,,le retour,maître et serviteur  nouvelles et recits  1886 1904 ,,
les caves du vatican,,,,les cerfs volants de kaboul,la disparition de majorana   les poignardeurs,,
la bataille,,,,la pierre angulaire,nefertiti et le rêve d akhenaton,,
l empreinte a crusoe,,,,ensemble de son euvre,le voyage en orient,,
le mur,,,,affaires etrangeres,le portrait de mr  w h    la plume le crayon et le poisson,,
sur la mort de marie,,,,un secret sans importance,l ensorcelee,,
la fortune des rougon,,,,les oeuvres de misericorde,manon lescaut,,
tous les matins du monde,,,,porporino ou les mysteres de naples,le conformiste,,
reveries du promeneur solitaire,,,,le boulevard peripherique,dialogues,,
amen,,,,voyage aux horizons,le fils du ciel,,
vendredi ou la vie sauvage,,,,la dentelliere,son excellence eugene rougon,,
la duchesse de langeais,,,,l infortune,les philippiques   sur la couronne   contre ctesiphon,,
le buffet,,,,quoi de neuf sur la guerre  ,dhammapada,,
le colonel chabert,,,,au pied du mur,,,
le neud de viperes,,,,la lezarde,,,
un amour de swann,,,,mille six cents ventres,,,
lettre a jeanne de tourbey,,,,aden,,,
l'atelier volant,,,,un taxi mauve,,,
poemes a lou,,,,l enfer,,,
le siecle de louis xiv,,,,clem,,,
le poete et la foule e,,,,quatre soldats,,,
le huitieme jour de la semaine,,,,les chiens enrages,,,
 confessions,,,,la neige brele,,,
la vie de marianne,,,,jeanne d arc,,,
l'orange ,,,,famille boussardel,,,
les compagnons d ulysse,,,,reine d arbieux,,,
comme le marinier,,,,l ele heureuse,,,
l'assommoir,,,,l enfant de la victoire,,,
histoire de ma vie,,,,dans la main de l ange,,,
isabelle,,,,la gloire de l empire,,,
"""un hemisphere dans une chevelure""",,,,les loups,,,
regain,,,,rhapsodie cubaine,,,
la debacle,,,,les onze,,,
jack,,,,isabelle ou l arriere saison,,,
l'inconnue,,,,la maison des bories,,,
les ritals,,,,l egal de dieu,,,
fantomas : l'agent secret,,,,je vivrai l amour des autres,,,
lettre de franeois truffaut a jean-louis bory.,,,,les bagages de sable,,,
la jeune parque et poemes en prose,,,,la briere,,,
lettre a juliette drouet,,,,la couleur des sentiments,,,
le sang noir,,,,les figurants de la mort,,,
caligula,,,,la haute saison,,,
"""reverie""",,,,marie claire,,,
corinne ou l'italie,,,,le joueur de triangle,,,
essais ,,,,le bal du dodo,,,
memoires d'hadrien,,,,les liens de chaene,,,
mangeclous,,,,l enfant hallucine,,,
j'ai tant reve de toi,,,,les derniers jours de charles baudelaire,,,
ubu roi,,,,hadriana dans tous mes reves,,,
bouvard et pecuchet,,,,la classe de neige,,,
le jeu de paume,,,,le ravenala ou l arbre du voyageur,,,
souvenirs pieux,,,,abbes,,,
les amours d'hippolyte,,,,les causes perdues,,,
memoires d'outre-tombe,,,,un homme se penche sur son passe,,,
des jugements ,,,,les aristocrates,,,
les rayons et les ombres,,,,port soudan,,,
du souverain,,,,les captifs,,,
le vingtieme siecle,,,,au bon beurre,,,
je t'attendais,,,,dictionnaire egoeste de la litterature franeaise,,,
ruy blas,,,,les ombres errantes,,,
paradoxe sur le comedien,,,,fontagre,,,
hymne de l automne,,,,cercle,,,
les jumeaux,,,,l etourdissement,,,
l'etranger,,,,poussiere du temps,,,
le commissaire dans la truffiere,,,,le rapport de brodeck,,,
livret de famille,,,,le diable en tete,,,
lettre a madame de grignan,,,,les adieux,,,
le lombric,,,,le supplice de phedre,,,
bon conseil aux amants,,,,oe on va papa  ,,,
les chouans,,,,le troisieme mensonge,,,
eloigne de vos yeux,,,,les provinciaux,,,
la fugue du petit poucet(le coq de bruyere,,,,les amants du paradis,,,
fruits,,,,les fruits de l hiver,,,
lettre a victor hugo,,,,monsieur bille dans la tourmente,,,
le comte de monte-cristo,,,,personne,,,
kean,,,,confidence pour confidence,,,
on ne badine pas avec l amour,,,,feuilles mortes,,,
lettre a julie recamier,,,,rosie carpe,,,
lettresson frere theo,,,,la vie secrete,,,
sido,,,,le petit matin,,,
eugenie grandet,,,,le chemin de la lanterne,,,
le second livre des odes,,,,asiles de fous,,,
"""soleils couchants""",,,,les honneurs perdus,,,
les ames grises,,,,le probleme avec jane,,,
les honneurs perdus,,,,les grandes familles,,,
les miserables,,,,le proces verbal,,,
mardrigal,,,,les corps celestes,,,
germinal,,,,des demeures et des gens,,,
helene ou le regne vegetal,,,,cherokee,,,
quincaillerie,,,,week end de chassela mere,,,
bel-ami,,,,paysage de fantaisie,,,
oeuvres poetiques,,,,un amour de pere,,,
le negrier,,,,pelagie la charette,,,
micromegas,,,,l abbaye d evolayne,,,
quand deux dictateurs se rencontrent,,,,le goet du peche,,,
le chat et les lapins,,,,ecrit sur l eau,,,
""" france",,,,aricie brun ou les vertus bourgeoises,,,
des grives aux loups,,,,le centaure de dieu,,,
du souverain ou de la republique,,,,le testament franeais,,,
le parti pris des choses,,,,court serpent,,,
poemes antiques et modernes,,,,la guepe,,,
l'immortalite,,,,juliette pomerleau,,,
la folle de chaillot,,,,orlanda,,,
rimbaud le fils,,,,un aller simple,,,
bel ami,,,,je m en vais,,,
le temps retrouve,,,,ce que je sais de vera candida,,,
occupe-toi d'amelie,,,,l experience,,,
madame bovary,,,,oublier palerme,,,
le misanthrope,,,,sang et lumiere,,,
les metamorphoses,,,,la revolution,,,
la prose du transsiberien et de la petite jeanne de france,,,,gaspard des montagnes,,,
le lion s'en allant a la guerre,,,,tous les soleils,,,
alcools,,,,fort saganne,,,
mademoiselle chambon,,,,les funerailles de la sardine,,,
cyrano de bergerac,,,,l alchimiste,,,
derniers vers,,,,l ogre,,,
le piano que baise une main frole...,,,,la rose de la mer,,,
la repetition ou l'amour puni,,,,bandepart,,,
petite poucette,,,,l irrevolution,,,
"""paysage""",,,,la derive des sentiments,,,
priere pour aller au paradis avec jammes,,,,la reforme de l opera de pekin,,,
les feuilles d'automne,,,,parle leur de batailles  de rois et deelephants,,,
a la lisiere du temps,,,,le livre des betes qu on appelle sauvages,,,
"""soleil couchant""",,,,voyage au bout de la france,,,
28 juin 2014,,,,les enfants getes,,,
un barrage contre le pacifique,,,,leonie la bienheureuse,,,
"""le mur""",,,,apprendrefinir,,,
le plus bel amour de don juan,,,,mes nuits sont plus belles que vos jours,,,
le moulin de pologne,,,,maria vandamme,,,
poesies completes,,,,rien ne s opposela nuit,,,
les mots qui ne sont pas d'amour,,,,le dieu nu,,,
zadig ou la destinee,,,,le chemin du soleil,,,
mon ami je vous aime...,,,,des vols de vanessa,,,
la bicyclette,,,,la fuite en douce,,,
l'ecriture ou la vie,,,,terre des oublis,,,
les mots pour le dire,,,,les animals,,,
la leçon,,,,anny,,,
angelo,,,,le desert de l amour,,,
les boulevards de ceinture,,,,le premier principe  le second principe,,,
tristes tropiques,,,,john l enfer,,,
le tigre bleu de leeuphrate,,,,la separation,,,
formeries,,,,caroline ou le depart pour les eles,,,
lettre a louise colet,,,,l etat sauvage,,,
le manuscrit de port-ebene,,,,les boulevards de ceinture,,,
paris,,,,mon villagel heure allemande,,,
quatrevingt-treize,,,,l empire celeste,,,
molloy,,,,danse pour ton ombre  ,,,
l enterrement e,,,,arrive un vagabond,,,
la promesse de l'aube,,,,mon grand appartement,,,
toute une nuit ,,,,dedans,,,
eloge funebre d'emile zola,,,,jeunes menages,,,
ethiopiques,,,,la peche miraculeuse,,,
oedipe,,,,feerie generale,,,
la place,,,,la place,,,
encyclopedie,,,,l enigme du retour,,,
lettre a ceux qui m accusent,,,,la pitie de dieu,,,
une nuit qu'on entendait la mer sans la voir e,,,,l amour de rien,,,
ophelie,,,,un grand pas vers le bon dieu,,,
poemes antiques,,,,le loup mongol,,,
l'ete grec,,,,le zebre,,,
l homme et la mer,,,,la folie hubert,,,
toute la lyre,,,,l ile du lezard vert,,,
la maison,,,,la possibilite d une ele,,,
le grand combat,,,,les allonges,,,
le sphinx,,,,philosophie sentimentale,,,
pensees d'un biologiste,,,,la nuit zoologique,,,
la belle et la bete,,,,moi  antoine de tounens  roi de patagonie,,,
la bonne chanson,,,,l autre amour,,,
roman,,,,l homme du bresil,,,
le soulier de satin,,,,texaco,,,
guerre,,,,allah n est pas oblige,,,
le baiser au lepreux(1922).,,,,les mouchoirs rouges de cholet,,,
delphine,,,,la modification,,,
poesies,,,,la voyeuse interdite,,,
nuit sans date rue saint-jacques e,,,,la conspiration,,,
l'education sentimentale,,,,les grandes vacances,,,
las ou est maintenant...e (les regrets,,,,jereme  60e latitude nord,,,
le liseur du 6h27,,,,misayre   misayre  ,,,
la terre,,,,premiere ligne,,,
neige,,,,diabolus in musica,,,
les contemplations,,,,les russkoffs,,,
dominique,,,,la maetresse de brecht,,,
le poete et la foule,,,,pas un jour,,,
ce poignet demis de toi,,,,l orage du matin,,,
dom juan,,,,le pays oe l on n arrive jamais,,,
"""la grasse matinee""",,,,ce qu aimer veut dire,,,
les gommes,,,,l evangile selon pilate,,,
le grand paris,,,,terres lorraines,,,
le polygone etoile,,,,vent de mars,,,
confessions,,,,valmaurie,,,
desert,,,,quartiers d hiver,,,
lettre a la jeunesse,,,,un dimanche inoubliable pres des casernes,,,
fonction du poete ,,,,la creve,,,
la fete a neuilly,,,,la dame de coeur,,,
l'autre monde : les etats et empires de la lune,,,,comme ton pere,,,
pierre et jean,,,,le guetteur d ombres,,,
le jardin yamata,,,,raboliot,,,
les fantomes du chapelier,,,,le jeu de patience,,,
lily,,,,une saison dans la vie d emmanuel,,,
la vagabonde,,,,benediction,,,
memoires d'une jeune fille rangee,,,,un chat qui aboie,,,
la peste,,,,balthazar  fils de famille,,,
les fees,,,,la premiere habitude,,,
la chambre des officiers,,,,la reine du silence,,,
le voyage,,,,la nuit americaine,,,
les choses,,,,les choses,,,
les enfants du siecle,,,,le parc,,,
promenade de picasso,,,,un soir au club,,,
a la mysterieuse,,,,les adieuxla reine,,,
l'impromptu de versailles,,,,la paroi,,,
zazie dans le metro,,,,la memoire d abraham,,,
le mariage de figaro,,,,john perkins,,,
mort d'un soldat republicain pres de cerro muriano ,,,,les civilises,,,
la musique,,,,l amour negre,,,
"""le buffet""",,,,le grand dadais,,,
la guerre de troie n'aura pas lieu,,,,l empreinte de l ange,,,
les quatre verites,,,,derriere la baignoire,,,
don juan aux enfers,,,,avant guerre,,,
les reveries du promeneur solitaire,,,,la femme de l allemand,,,
memoires d'un fou,,,,rabevel ou le mal des ardents,,,
les caracteres,,,,madame arnoul,,,
l'eden cinema,,,,la princesse de mantoue,,,
contes cruels,,,,canines,,,
la nuit venitienne,,,,nene,,,
deux femmes pour un fantome,,,,rouge bresil,,,
preface des contes en vers,,,,diane lanster,,,
le hussard sur le toit,,,,plonger,,,
lettre a charles poncy,,,,nicolo peccavi,,,
pantagruel,,,,vladimir roubaeev,,,
fantomes,,,,contours du jour qui vient,,,
theophile gautier,,,,sa femme,,,
le fou d'elsa,,,,la joie,,,
les travailleurs de la mer,,,,l enfant d edouard,,,
"""la jetee""",,,,ap  j  c ,,,
notre vie,,,,pareilsdes enfants,,,
l'oeuvre,,,,retourkillybegs,,,
manon lescaut,,,,jours sans gloire,,,
le loup et le chien,,,,l odyssee d un transport torpille,,,
l'enfant,,,,notre dame du nil,,,
au bois dormant,,,,la nuit sacree,,,
dialogues,,,,petite chronique des gens de nuit dans un port de l atlantique nord,,,
qui je fus,,,,un long mois de septembre,,,
un chapeau de paille d italie,,,,les racines du ciel,,,
langage,,,,cantegril,,,
appel a l'assemblee legislative,,,,les etats du desert,,,
le futur anterieur,,,,la bete quaternaire,,,
l'homme et son image,,,,ce soir  tania   ,,,
premiers poemes,,,,sans la misericorde du christ,,,
moesta et errabunda ,,,,l exposition coloniale,,,
le corricolo,,,,immobile dans le courant du fleuve,,,
a ma femme endormie,,,,la marie marraine,,,
,,,,le passage,,,
,,,,juan maldonne,,,
,,,,la gare de wannsee,,,
,,,,la table aux creves,,,
,,,,un secret,,,
,,,,le carrefour des solitudes,,,
,,,,l imprecateur,,,
,,,,la comedie de terracina,,,
